"election","type","srprec","totreg_r","dem","rep","aip","paf","msc","lib","nlp","grn","ref","dcl","male","female","hispdem","hisprep","hispdcl","hispoth","jewdem","jewrep","jewdcl","jewoth","kordem","korrep","kordcl","koroth","jpndem","jpnrep","jpndcl","jpnoth","chidem","chirep","chidcl","chioth","inddem","indrep","inddcl","indoth","vietdem","vietrep","vietdcl","vietoth","fildem","filrep","fildcl","filoth","demmunk","demm1824","demm2534","demm3544","demm4554","demm5564","demm65pl","demfunk","demf1824","demf2534","demf3544","demf4554","demf5564","demf65pl","repmunk","repm1824","repm2534","repm3544","repm4554","repm5564","repm65pl","repfunk","repf1824","repf2534","repf3544","repf4554","repf5564","repf65pl","dclmunk","dclm1824","dclm2534","dclm3544","dclm4554","dclm5564","dclm65pl","dclfunk","dclf1824","dclf2534","dclf3544","dclf4554","dclf5564","dclf65pl","othmunk","othm1824","othm2534","othm3544","othm4554","othm5564","othm65pl","othfunk","othf1824","othf2534","othf3544","othf4554","othf5564","othf65pl","dreg1g","dreg2g","dreg3g","dreg4g","dreg5g","dreg6g","dreg7g","dreg8g","dreg9g","rreg1g","rreg2g","rreg3g","rreg4g","rreg5g","rreg6g","rreg7g","rreg8g","rreg9g","ireg1g","ireg2g","ireg3g","ireg4g","ireg5g","ireg6g","ireg7g","ireg8g","ireg9g","oreg1g","oreg2g","oreg3g","oreg4g","oreg5g","oreg6g","oreg7g","oreg8g","oreg9g"
"s25","voters","1001","750","234","377","43","2","1","8","0","2","0","83","354","396","25","21","7","0","7","27","6","4","0","0","0","0","1","0","0","0","1","2","0","0","3","2","1","0","0","0","0","0","4","1","0","0","0","3","5","6","8","11","63","0","2","3","5","14","25","89","5","14","11","18","30","25","83","1","10","9","24","33","34","80","0","0","7","8","2","5","25","0","1","5","9","2","8","11","0","1","1","4","5","3","11","0","1","2","2","4","3","19","133","40","21","5","4","2","4","6","19","208","58","54","8","13","4","4","7","21","38","14","12","5","4","1","3","1","5","35","10","4","1","2","1","0","2","1"
"s25","voters","1002","304","82","161","17","0","0","4","0","2","0","38","146","158","10","7","3","1","2","7","1","0","0","2","0","0","0","0","0","0","0","0","0","0","0","0","0","0","0","0","0","0","0","1","0","1","0","0","2","3","4","4","20","2","2","2","6","4","8","25","1","2","3","12","12","7","39","0","1","3","8","7","18","48","0","2","1","1","3","6","12","0","1","1","1","1","5","4","0","1","0","3","2","1","5","0","1","0","2","1","2","5","50","8","11","4","1","0","4","2","2","83","22","21","4","7","3","1","2","18","24","6","2","2","1","0","0","0","3","13","2","3","0","1","0","0","1","3"
"s25","voters","1003","788","237","391","36","2","0","7","0","5","0","110","362","426","24","20","3","5","8","18","1","3","0","0","0","0","0","0","0","0","2","1","0","0","0","2","0","0","0","0","0","0","1","5","0","1","0","1","4","8","10","16","43","1","6","11","16","15","20","86","1","10","13","37","23","34","78","0","9","11","37","20","34","84","0","4","7","6","8","7","22","0","6","7","8","9","9","17","0","1","2","5","6","4","12","1","0","4","5","2","4","4","133","41","17","9","7","2","2","2","24","225","46","51","12","8","5","5","4","35","60","20","15","6","2","0","2","1","4","29","11","8","0","1","0","1","0","0"
"s25","voters","1004","826","295","361","46","3","0","7","0","3","0","111","341","485","22","24","11","2","8","17","3","1","0","0","0","0","1","0","1","0","2","2","1","2","1","2","0","0","0","0","1","0","6","6","4","1","1","2","7","6","10","12","68","1","3","13","11","9","13","139","0","5","12","13","14","27","84","1","5","7","8","18","29","138","1","4","7","5","8","7","27","0","2","3","12","4","7","24","0","0","2","3","1","3","12","1","0","4","1","6","4","22","187","42","20","15","5","6","5","4","11","226","52","33","12","8","4","5","2","19","64","14","14","6","4","1","1","0","7","39","12","3","2","1","0","0","1","1"
"s25","voters","1105","576","242","201","25","4","0","11","0","3","0","90","244","332","15","16","5","3","10","9","0","4","0","0","0","0","0","0","0","0","1","0","1","0","0","0","0","0","0","0","0","0","2","3","1","1","1","1","4","12","15","16","41","0","7","12","13","17","25","78","1","8","9","8","20","16","36","0","3","6","11","14","20","49","1","6","8","8","6","2","7","0","8","5","10","10","7","12","0","1","1","5","3","5","3","0","0","4","7","4","1","9","146","32","22","10","7","2","0","2","21","112","33","20","11","7","0","3","3","12","55","17","6","3","3","1","0","2","3","18","12","6","1","4","0","1","1","0"
"s25","voters","1106","1197","483","456","63","3","3","17","0","11","1","160","531","666","33","28","7","8","14","15","5","4","0","0","0","0","0","1","0","0","6","0","2","0","1","0","0","1","0","0","0","0","3","4","0","1","0","7","23","24","17","21","87","1","9","25","38","29","49","153","2","14","25","26","29","40","87","0","12","19","23","31","49","99","2","3","14","16","16","15","23","1","7","7","8","16","12","20","0","1","4","6","7","8","14","0","4","7","7","9","13","18","278","82","59","16","10","1","5","3","29","253","76","61","10","7","2","4","6","37","94","27","16","11","3","0","4","1","4","64","12","11","3","1","0","1","4","2"
"s25","voters","2001","1395","407","697","64","1","3","17","0","2","0","204","666","729","34","48","16","5","19","30","8","1","0","0","0","0","1","0","1","0","1","3","1","0","0","1","0","0","0","0","0","0","2","9","1","1","1","6","7","14","14","24","101","0","9","17","16","25","37","136","0","8","30","44","43","84","142","1","14","21","38","44","70","158","1","2","9","18","10","17","46","1","5","10","21","10","20","34","0","2","5","8","1","8","21","0","3","2","8","3","13","13","190","73","57","18","11","6","3","7","42","405","95","67","23","20","5","8","8","66","102","34","17","18","9","1","6","6","11","49","18","10","0","1","2","1","0","6"
"s25","voters","2002","647","225","276","36","2","1","18","0","1","0","88","335","312","28","18","4","5","6","5","4","4","0","0","0","0","0","0","1","0","0","0","0","0","0","0","0","0","2","0","0","0","3","0","0","0","1","3","6","9","8","16","58","0","7","3","10","9","29","66","0","5","5","15","16","39","73","2","3","4","9","15","39","51","0","3","2","7","5","10","20","2","3","3","5","5","7","16","0","5","2","5","7","6","9","0","0","3","6","3","7","5","127","25","26","13","5","2","1","2","24","158","42","24","9","5","1","5","0","32","44","14","8","6","5","0","1","1","9","37","12","4","2","1","2","0","0","0"
"s25","voters","2003","694","213","352","28","2","0","13","0","0","0","86","336","358","14","19","2","2","9","11","2","1","0","0","0","0","1","0","0","1","2","0","0","0","0","1","0","1","0","0","0","0","1","5","0","1","0","1","8","8","9","16","42","0","8","13","12","23","23","50","0","7","13","24","29","41","60","2","4","20","27","21","44","60","0","0","8","7","9","7","18","0","3","5","9","2","9","9","0","1","4","9","5","5","5","0","0","3","2","3","5","1","112","37","21","5","2","2","4","3","27","195","48","53","16","8","3","5","5","19","39","17","12","4","2","0","3","0","9","24","6","6","2","2","0","0","1","2"
"s25","voters","2004","435","128","231","18","2","1","7","0","1","0","47","199","236","18","12","8","5","2","10","0","1","1","0","0","0","0","0","0","0","0","0","1","0","1","0","0","0","0","0","0","0","1","3","0","0","0","0","4","2","5","6","34","2","0","5","10","4","13","43","0","4","6","12","17","25","45","0","10","10","13","21","34","34","0","2","4","7","2","5","8","1","3","0","7","2","1","5","0","0","4","1","3","0","3","0","2","2","0","1","5","8","72","19","13","3","5","1","0","2","13","121","36","30","10","9","1","4","9","11","22","8","7","5","3","0","1","1","0","18","3","3","1","1","0","0","1","2"
"s25","voters","2005","260","85","113","17","0","0","9","0","1","0","35","121","139","4","14","3","1","4","6","2","0","0","0","0","0","0","1","0","0","0","0","0","0","1","1","1","0","0","0","0","0","0","1","0","1","1","0","0","3","2","4","25","0","1","4","5","1","9","30","0","1","7","3","10","8","25","0","2","4","5","8","10","30","0","0","1","2","2","7","4","0","0","2","3","1","5","8","0","0","1","2","1","2","10","0","0","2","2","1","1","5","44","11","9","3","4","0","1","1","12","60","19","14","3","2","0","1","2","12","15","7","9","3","1","0","0","0","0","13","6","2","2","1","1","0","0","2"
"s25","voters","2006","845","238","439","55","1","2","9","0","4","0","97","390","455","20","21","9","6","10","21","7","0","0","2","0","0","0","0","0","0","3","0","0","0","0","0","0","0","0","0","0","0","0","2","1","0","0","1","4","10","9","13","62","1","3","12","20","12","19","72","1","12","14","40","25","42","74","0","14","21","29","34","47","86","0","1","7","11","4","12","11","1","4","7","12","5","7","15","0","0","4","9","2","2","20","0","2","2","7","4","8","11","123","42","28","9","10","2","1","5","18","237","71","60","11","6","2","8","5","39","60","11","10","5","4","2","2","0","3","44","15","6","1","1","1","0","0","3"
"s25","voters","2007","183","78","63","11","1","0","4","0","0","0","26","90","93","7","1","1","0","2","4","2","1","0","1","0","0","0","0","0","0","0","0","0","0","0","0","0","0","0","0","0","0","0","0","0","0","0","1","2","0","1","4","23","0","1","1","3","4","11","27","1","2","6","4","3","4","16","0","2","5","1","2","5","12","0","1","4","3","2","1","6","0","0","0","3","1","1","4","0","0","0","3","1","0","2","0","0","0","2","1","1","6","36","12","10","1","1","0","0","2","16","29","14","11","3","4","0","0","1","1","15","3","2","2","1","0","1","0","2","6","4","3","1","0","0","0","0","2"
"s25","voters","3001","140","29","86","5","0","0","4","0","0","1","15","65","75","1","0","0","0","2","2","0","0","0","0","0","0","0","0","0","0","0","0","0","0","0","0","0","0","0","0","0","0","0","0","0","0","0","0","0","0","1","0","6","0","0","2","2","3","3","12","1","1","6","9","3","6","18","0","2","4","5","5","7","19","0","0","0","1","3","2","2","1","0","0","2","0","2","2","0","0","1","0","1","1","3","0","0","0","0","0","1","3","17","7","2","2","0","0","0","0","1","41","21","7","0","1","1","1","5","9","10","2","0","2","0","0","0","1","0","7","1","0","0","0","0","0","0","2"
"s25","voters","3002","859","259","410","58","2","2","9","0","2","0","117","413","446","17","24","6","3","10","17","8","3","0","0","0","0","0","0","0","0","1","0","0","1","0","0","1","0","0","0","0","0","0","5","0","0","0","2","6","13","8","13","57","0","6","9","16","17","27","85","1","11","14","28","24","45","87","0","8","7","28","25","45","87","0","4","7","12","14","12","22","1","3","7","11","1","8","15","0","1","3","6","2","7","14","1","1","5","5","7","9","12","142","40","21","15","3","6","3","7","22","216","71","58","10","15","1","3","4","32","48","25","19","7","4","0","3","2","9","45","9","8","3","2","1","0","1","4"
"s25","voters","3003","861","237","428","59","1","1","14","0","5","0","116","437","424","11","17","5","2","13","6","6","2","0","0","0","0","1","0","0","0","0","3","1","0","0","0","0","0","0","1","0","0","0","1","2","0","1","2","7","7","10","11","54","0","4","7","15","12","28","79","0","8","8","25","31","53","111","0","4","10","20","26","46","86","0","2","12","7","6","12","30","0","6","3","8","6","6","18","0","3","5","9","2","6","15","0","4","2","4","5","7","18","131","40","17","13","13","2","1","6","14","246","62","50","7","5","5","8","5","40","64","17","9","6","3","3","3","3","8","51","17","3","2","2","0","2","1","2"
"s25","voters","3004","156","55","66","9","0","0","0","0","1","0","25","87","69","1","0","1","0","1","2","0","0","0","0","0","0","0","0","0","0","0","1","0","0","0","0","0","1","0","0","0","0","0","1","0","0","0","0","1","0","2","2","22","0","0","0","0","3","5","20","0","0","1","1","2","8","28","0","1","2","1","2","5","15","0","0","1","3","1","4","8","0","0","0","1","1","3","3","0","0","0","0","0","1","2","0","0","0","0","1","0","6","25","7","9","6","2","0","0","1","5","26","9","4","8","5","0","1","1","12","11","5","5","2","0","0","0","1","1","7","1","1","0","0","0","0","0","1"
"s25","voters","3005","706","197","364","29","2","1","11","0","4","0","98","318","388","17","19","8","1","3","12","5","2","0","0","0","0","1","0","0","0","1","1","0","0","1","1","1","0","0","0","0","0","0","1","0","0","0","1","9","8","8","13","45","0","4","6","10","13","15","65","1","9","22","26","29","29","57","2","8","12","21","27","44","77","0","1","5","6","7","9","13","2","3","8","8","11","14","11","0","2","5","3","2","2","6","0","1","7","3","2","6","8","109","23","23","11","4","1","4","4","18","217","50","43","12","7","5","1","2","27","56","9","7","9","2","4","1","1","9","32","10","2","0","0","1","0","1","1"
"s25","voters","3006","270","75","136","21","2","0","1","0","1","0","34","131","139","10","11","0","0","6","0","1","1","0","0","0","0","0","0","1","0","0","0","0","0","0","0","0","0","0","0","0","0","0","2","0","0","0","1","1","0","4","4","21","0","1","2","3","3","9","26","1","4","7","8","8","15","28","0","3","5","3","11","13","30","0","1","1","2","2","5","7","0","0","3","3","1","5","4","0","1","1","2","2","2","3","0","2","2","2","1","2","5","36","16","11","3","2","1","0","0","6","77","25","11","4","5","3","0","2","9","21","3","5","0","0","2","2","1","0","13","8","2","0","0","0","0","2","0"
"s25","voters","3007","677","220","327","33","1","1","11","0","2","0","82","341","336","22","14","7","7","12","6","3","0","0","1","0","0","1","0","0","0","0","0","0","0","0","0","0","0","0","0","0","0","1","3","0","0","0","4","4","11","5","13","53","0","3","8","5","12","26","76","0","3","12","13","25","37","83","1","3","10","18","19","31","72","0","2","5","5","9","7","24","0","2","1","9","2","6","10","0","2","3","4","4","5","8","0","1","2","2","2","5","10","105","40","30","19","4","2","0","3","17","170","56","42","12","14","0","2","5","26","51","13","7","2","3","2","0","0","4","29","11","7","0","1","0","0","0","0"
"s25","voters","3008","524","191","215","27","1","1","16","0","1","0","72","260","264","10","10","7","2","11","7","3","3","0","0","0","0","0","0","0","0","1","2","1","0","2","0","0","0","0","1","0","0","1","1","0","1","1","4","2","4","7","8","52","0","4","6","9","7","26","61","0","1","5","11","12","15","66","0","2","7","8","6","18","64","0","2","4","3","11","6","16","1","1","3","7","4","3","11","0","2","4","5","5","2","12","0","2","1","3","5","1","4","116","30","21","7","2","0","1","0","14","139","31","16","5","7","1","2","0","14","40","8","14","1","2","1","1","2","3","27","7","7","2","0","2","0","1","0"
"s25","voters","3009","392","96","213","34","0","0","0","0","3","0","46","190","202","12","15","4","2","4","7","1","2","0","0","0","0","1","0","1","0","0","0","1","0","0","0","0","0","0","0","0","0","0","2","0","1","1","2","0","4","2","4","26","0","0","1","3","3","10","40","1","3","7","11","20","23","47","2","2","12","11","13","21","40","0","1","3","2","2","3","9","0","4","0","3","5","4","10","0","0","2","4","4","4","5","0","0","2","2","4","2","8","46","14","13","5","3","1","1","3","10","109","39","15","6","9","2","2","6","25","30","5","6","2","0","0","0","1","2","17","11","5","1","1","0","1","0","1"
"s25","voters","4001","1263","477","531","84","3","2","12","0","4","0","150","617","646","29","25","7","4","16","15","4","6","1","0","0","0","4","2","1","0","0","1","1","0","0","0","0","0","0","0","0","0","2","4","4","0","0","3","8","14","19","28","133","1","8","8","18","17","55","165","0","4","8","11","21","52","171","1","4","3","16","13","62","165","0","3","3","8","11","12","50","0","4","4","3","11","12","29","0","3","2","3","4","12","34","0","0","3","1","3","13","27","271","94","42","27","12","2","2","0","27","307","72","65","15","18","3","2","8","41","88","31","10","7","5","1","1","1","6","72","16","9","3","0","0","3","0","2"
"s25","voters","4002","176","38","104","8","0","0","1","0","0","0","25","86","90","1","8","1","3","0","2","0","0","0","0","0","0","0","0","0","0","0","2","0","0","0","0","0","0","0","0","0","0","0","2","0","0","0","0","2","2","0","7","4","0","0","0","4","2","6","11","0","3","3","7","6","12","18","0","2","5","8","7","12","21","0","2","1","1","1","6","5","0","1","1","0","2","1","4","0","1","0","0","1","2","2","0","0","0","0","1","1","1","15","10","6","2","2","0","0","0","3","56","15","16","1","6","1","1","1","7","18","3","2","1","1","0","0","0","0","7","2","0","0","0","0","0","0","0"
"s25","voters","4003","258","97","109","18","2","0","3","0","0","0","29","133","125","7","4","1","1","4","2","2","0","0","0","0","0","0","0","0","0","1","0","0","0","1","0","0","0","0","0","0","0","1","0","0","0","0","1","1","1","2","5","36","0","0","2","5","2","8","34","0","0","1","4","10","14","28","0","1","1","2","4","10","34","0","1","2","3","0","1","9","0","0","0","1","4","1","7","0","0","3","1","1","2","7","0","0","1","0","2","1","5","56","16","9","4","4","1","0","0","7","51","19","17","0","1","4","0","0","17","14","0","5","2","0","0","0","1","7","13","5","4","0","1","0","0","0","0"
"s25","voters","4004","587","104","367","32","2","0","13","0","2","0","67","286","301","8","20","6","2","4","16","3","1","0","1","0","0","0","0","0","0","1","0","0","0","0","0","0","0","0","0","0","0","2","6","1","0","0","0","1","5","4","4","29","0","1","3","5","2","7","43","0","14","16","18","22","36","77","0","10","12","27","19","39","77","1","0","3","4","5","3","15","1","2","3","3","7","4","16","0","1","1","8","4","1","14","0","1","3","2","5","1","8","50","18","9","4","3","2","0","4","14","179","67","46","18","7","6","1","10","33","37","7","8","8","2","0","0","1","4","23","16","5","1","1","0","0","2","1"
"s25","voters","4005","545","116","342","31","0","0","6","0","2","1","47","295","250","15","20","7","1","0","12","3","1","0","0","0","0","0","0","0","0","0","0","0","0","3","0","0","0","0","0","0","0","0","8","1","1","0","1","1","1","8","13","37","0","1","3","4","3","11","33","0","8","8","13","33","51","73","0","6","7","16","19","43","65","0","1","1","1","5","5","11","0","0","3","3","4","7","6","0","2","1","0","2","5","14","0","0","2","1","2","3","8","57","21","11","10","3","0","2","2","10","180","53","41","14","15","3","6","6","24","23","9","6","4","1","1","0","2","1","23","12","2","2","0","0","0","0","1"
"s25","voters","4006","181","40","107","8","0","0","2","0","2","0","22","89","92","4","9","3","3","3","7","2","0","0","0","0","0","0","0","0","0","0","0","0","0","0","0","0","0","0","0","0","0","0","0","0","0","0","0","0","1","1","2","10","0","0","0","2","2","6","16","0","0","1","8","8","18","24","0","1","3","8","4","17","15","0","1","1","2","2","3","2","0","2","3","3","0","2","1","0","0","1","1","1","1","1","0","1","0","0","1","3","2","20","5","3","2","0","1","1","1","7","51","27","8","7","3","2","0","1","8","12","5","1","3","0","0","0","0","1","7","3","0","1","0","0","0","0","1"
"s25","voters","4007","711","167","421","39","1","1","6","0","1","0","75","327","384","14","24","1","0","4","12","3","2","0","0","0","0","0","0","0","0","0","2","0","0","0","4","0","0","0","0","0","0","1","5","1","0","0","0","3","4","9","7","39","0","0","3","10","10","15","67","1","11","8","23","24","45","93","1","12","13","23","25","45","97","0","3","3","4","7","7","16","0","2","2","6","2","9","14","0","3","0","2","2","5","8","0","1","0","5","3","7","12","88","29","14","4","3","1","0","5","23","244","69","37","8","3","2","6","10","42","40","13","8","5","3","0","0","0","6","24","12","5","1","3","0","0","1","2"
"s25","voters","4008","834","246","445","38","2","1","13","0","4","0","85","372","462","17","32","8","2","12","11","0","1","0","0","0","0","1","0","0","0","0","1","0","0","0","0","0","0","1","0","0","0","0","3","1","2","0","6","5","5","5","9","66","1","4","6","8","11","27","93","2","10","12","22","21","42","97","1","10","14","25","33","37","119","0","2","4","2","7","4","20","0","2","6","9","6","8","15","0","1","2","9","5","3","11","0","0","3","7","2","6","9","156","31","19","7","7","2","3","5","16","243","61","42","16","23","6","5","8","41","43","12","12","7","3","0","1","3","4","31","10","9","4","0","0","1","1","2"
"s25","voters","4009","83","24","33","5","0","2","1","0","0","0","18","42","41","0","2","2","0","2","0","0","0","0","0","0","0","0","0","0","0","0","0","0","0","0","0","0","0","0","0","0","0","0","0","0","0","0","0","1","2","1","0","3","0","1","6","3","0","3","4","0","0","1","4","5","3","6","0","0","1","2","1","4","6","0","0","1","7","0","2","1","0","2","1","2","1","0","1","0","0","0","0","0","1","4","0","0","1","0","0","1","1","17","3","2","1","0","0","0","0","1","17","7","4","0","0","0","0","0","5","13","2","2","1","0","0","0","0","0","6","1","0","0","1","0","0","0","0"
"s25","voters","4010","152","27","105","6","0","0","1","0","2","0","11","74","78","4","1","1","0","1","3","1","0","0","0","0","0","0","0","0","0","1","1","0","0","0","0","0","0","0","0","0","0","0","0","0","0","0","1","0","0","0","0","8","0","0","0","1","2","5","10","0","2","1","8","3","14","25","0","4","4","6","4","16","18","0","0","2","1","1","0","3","0","0","1","1","1","0","1","0","0","0","0","1","2","2","0","0","0","0","1","1","2","17","3","4","1","0","0","0","0","2","58","18","15","1","2","1","0","0","10","4","1","4","1","1","0","0","0","0","5","0","1","0","0","0","0","0","3"
"s25","voters","5001","577","199","254","39","0","0","4","0","1","0","80","239","338","16","13","7","2","7","17","4","1","0","0","0","0","3","0","0","0","0","1","2","0","0","0","0","0","0","0","0","0","1","1","0","0","0","1","1","1","7","8","47","0","3","1","6","12","16","96","0","0","5","10","7","19","74","0","4","7","10","9","18","91","0","1","1","5","7","8","17","0","0","4","6","2","11","18","0","1","0","1","6","2","10","0","1","0","1","2","6","14","97","55","24","7","3","2","1","1","9","149","32","30","8","9","1","4","2","19","42","14","9","7","0","1","1","1","5","30","7","5","2","0","0","0","0","0"
"s25","voters","5002","469","143","240","20","0","0","10","0","0","0","56","223","246","11","12","1","1","4","4","1","1","0","0","0","0","0","0","0","0","2","0","0","1","3","3","3","0","0","0","0","0","1","1","1","0","0","2","0","3","3","13","31","0","5","6","4","7","20","49","0","3","8","10","10","30","61","0","1","9","10","16","25","57","0","0","4","8","4","5","13","0","5","2","2","3","6","4","0","0","0","5","4","2","4","1","1","2","3","1","4","3","73","22","14","6","0","2","2","1","23","129","45","23","7","4","2","0","4","26","28","5","13","3","1","0","1","1","4","19","5","1","1","1","0","0","1","2"
"s25","voters","5003","339","122","139","18","0","1","4","0","2","0","53","162","177","8","12","3","0","6","4","2","0","0","0","0","0","0","3","0","0","0","1","0","0","0","0","0","0","0","0","0","0","1","0","2","1","1","2","6","2","6","7","22","0","2","4","8","9","14","39","0","5","3","9","7","20","27","0","1","5","9","6","15","32","0","2","5","7","2","4","11","1","2","1","3","3","5","7","0","1","1","1","1","3","7","0","1","0","1","3","2","4","69","15","18","4","3","1","0","0","12","81","21","12","4","4","0","1","1","15","25","5","7","3","0","1","3","1","8","17","5","2","0","0","0","0","0","1"
"s25","voters","5004","334","113","164","12","1","0","1","0","0","0","43","149","185","11","13","4","0","1","7","3","2","0","0","0","0","0","0","0","0","2","0","0","0","0","0","0","0","0","0","0","0","1","4","1","0","0","1","2","8","7","5","21","0","4","5","8","6","14","32","0","1","3","7","7","18","41","0","3","4","10","7","21","42","0","1","5","5","4","2","3","0","2","3","5","1","3","9","0","0","1","1","1","3","2","0","0","0","1","1","1","3","59","17","15","3","2","3","1","3","10","92","17","17","7","7","2","4","4","14","21","6","6","3","1","2","0","1","3","9","1","1","0","1","1","1","0","0"
"s25","voters","5005","737","250","350","39","0","3","7","0","4","0","84","328","409","27","19","5","2","17","21","10","3","0","0","0","0","0","0","0","0","0","3","1","0","0","0","0","0","0","0","0","0","0","2","2","1","0","0","0","3","6","11","65","1","0","5","5","10","27","117","0","5","3","17","20","25","104","0","0","4","18","13","30","111","0","3","2","3","9","6","19","1","0","3","5","5","6","22","0","2","1","2","3","6","13","0","2","1","5","3","4","11","129","49","29","13","7","1","5","2","15","189","65","34","19","9","2","2","7","23","42","10","13","5","4","0","1","2","7","36","5","7","3","1","0","0","0","1"
"s25","voters","5006","394","123","188","29","0","0","9","0","0","0","45","180","214","16","9","4","2","1","2","0","1","0","0","0","0","1","0","0","0","0","0","0","0","1","1","0","0","1","0","0","0","0","3","0","0","0","1","1","4","5","5","25","1","2","5","11","4","7","52","0","5","7","10","11","15","46","1","5","4","11","10","21","42","0","3","3","1","5","5","10","0","1","1","4","2","4","6","0","0","2","4","2","3","7","0","0","0","4","3","2","11","69","17","13","1","1","1","1","3","17","115","31","12","3","4","1","2","4","16","26","6","6","4","0","1","0","1","1","23","11","3","1","0","0","0","0","0"
"s25","voters","5007","537","166","260","34","0","1","5","0","5","0","66","257","280","22","12","8","1","4","2","4","2","0","0","0","0","0","0","0","0","0","0","0","0","0","0","0","0","1","0","0","0","1","0","0","0","0","0","6","9","7","9","35","0","2","8","9","11","17","53","0","9","10","19","8","20","64","0","4","8","14","15","35","54","0","3","5","0","8","6","8","1","2","3","9","7","3","11","0","3","2","6","1","11","8","0","1","2","1","6","3","1","80","31","22","7","4","0","3","1","18","156","41","22","11","6","2","1","3","18","40","12","6","0","1","2","0","0","5","32","5","4","1","2","0","0","0","1"
"s25","voters","5008","547","122","328","28","2","0","9","0","1","0","57","251","296","20","12","3","1","3","9","1","0","0","0","3","0","1","1","0","0","0","2","0","0","1","1","1","0","0","0","0","0","1","1","0","0","0","2","2","1","3","3","27","0","1","5","5","10","16","47","0","5","8","19","21","33","75","1","16","10","15","19","31","75","0","1","4","3","3","4","12","0","0","2","2","4","10","12","0","2","1","1","4","7","10","0","2","0","2","0","5","6","58","22","18","3","0","2","0","0","19","173","51","41","12","11","2","6","5","27","37","6","5","1","2","1","1","0","4","26","5","2","3","2","0","0","1","1"
"s25","voters","5009","243","70","119","19","2","0","2","0","0","0","31","99","144","10","19","2","2","4","4","2","2","0","0","0","0","0","0","0","0","0","0","0","0","0","0","0","0","0","1","0","0","0","0","0","0","0","1","1","1","2","5","15","1","2","3","6","5","11","17","0","2","5","4","11","11","17","0","1","5","8","6","20","29","0","0","2","4","2","2","4","0","4","1","1","0","8","3","0","1","3","0","0","1","5","0","1","2","2","0","2","6","47","8","4","3","2","0","0","1","5","82","15","9","1","4","1","1","1","5","18","5","5","2","0","0","1","0","0","15","2","6","0","0","0","0","0","0"
"s25","voters","5010","481","114","268","25","0","0","5","0","2","0","67","219","262","9","27","7","2","2","6","2","0","0","0","0","0","0","0","0","0","1","0","0","0","0","0","0","0","1","0","0","0","1","5","0","0","0","0","3","11","4","3","20","1","4","4","8","4","9","43","1","6","7","15","11","27","53","1","6","17","16","13","41","54","1","4","2","4","3","8","17","0","1","1","4","5","7","10","0","0","1","1","4","5","8","1","1","2","0","2","1","6","53","18","21","2","4","0","1","3","12","144","39","31","9","11","1","3","1","29","27","11","17","4","3","0","1","2","2","20","6","2","1","0","0","0","2","1"
